Rank;Player;Age;Tm;First;Pts Won;Pts Max;Share;G;MP;PTS;TRB;AST;STL;BLK;FG%;3P%;FT%;WS;WS/48;Year
1;Michael Jordan;27;CHI;77.0;891.0;960;0.928;82;37.0;31.май;6.0;05.май;02.июл;1.0;0.539;0.312;0.851;20.мар;0.321;1991
2;Magic Johnson;31;LAL;10.0;497.0;960;0.518;79;37.1;19.апр;7.0;12.май;01.мар;0.2;0.477;0.32;0.906;15.апр;0.251;1991
3;David Robinson;25;SAS;6.0;476.0;960;0.496;82;37.7;25.июн;13.0;02.май;01.май;03.сен;0.552;0.143;0.762;17.0;0.264;1991
4;Charles Barkley;27;PHI;2.0;222.0;960;0.231;67;37.3;27.июн;10.янв;04.фев;01.июн;0.5;0.57;0.284;0.722;13.апр;0.258;1991
5;Karl Malone;27;UTA;0.0;142.0;960;0.148;82;40.3;29.0;11.авг;03.мар;01.янв;1.0;0.527;0.286;0.77;15.май;0.225;1991
6;Clyde Drexler;28;POR;1.0;75.0;960;0.078;82;34.8;21.май;06.июл;6.0;01.авг;0.7;0.482;0.319;0.794;12.апр;0.209;1991
7;Kevin Johnson;24;PHO;0.0;32.0;960;0.033;77;36.0;22.фев;03.май;10.янв;02.янв;0.1;0.516;0.205;0.843;12.июл;0.22;1991
8;Dominique Wilkins;31;ATL;0.0;29.0;960;0.03;81;38.0;25.сен;9.0;03.мар;01.май;0.8;0.47;0.341;0.829;11.апр;0.177;1991
9T;Larry Bird;34;BOS;0.0;25.0;960;0.026;60;38.0;19.апр;08.май;07.фев;01.авг;1.0;0.454;0.389;0.891;06.июн;0.14;1991
9T;Terry Porter;27;POR;0.0;25.0;960;0.026;81;32.9;17.0;03.май;8.0;2.0;0.1;0.515;0.415;0.823;13.0;0.235;1991
11;Patrick Ewing;28;NYK;0.0;20.0;960;0.021;81;38.3;26.июн;11.фев;3.0;1.0;03.фев;0.514;0.0;0.745;10.0;0.155;1991
12;John Stockton;28;UTA;0.0;15.0;960;0.016;82;37.8;17.фев;02.сен;14.фев;02.сен;0.2;0.507;0.345;0.836;14.0;0.217;1991
13;Isiah Thomas;29;DET;0.0;11.0;960;0.011;48;34.5;16.фев;03.мар;09.мар;01.июн;0.2;0.435;0.292;0.782;03.апр;0.098;1991
14;Robert Parish;37;BOS;0.0;10.0;960;0.01;81;30.янв;14.сен;10.июн;0.8;0.8;01.мар;0.598;0.0;0.767;10.0;0.198;1991
15;Joe Dumars;27;DET;0.0;8.0;960;0.008;80;38.1;20.апр;02.мар;05.май;01.янв;0.1;0.481;0.311;0.89;09.сен;0.155;1991
16;Bernard King;34;WSB;0.0;7.0;960;0.007;64;37.5;28.апр;5.0;04.июн;0.9;0.3;0.472;0.216;0.79;03.май;0.07;1991
17;Kenny Smith;25;HOU;0.0;5.0;960;0.005;78;34.6;17.июл;02.янв;07.янв;01.апр;0.1;0.52;0.363;0.844;9.0;0.161;1991
18;Hakeem Olajuwon;28;HOU;0.0;4.0;960;0.004;56;36.8;21.фев;13.авг;02.мар;02.фев;03.сен;0.508;0.0;0.769;08.июн;0.201;1991
19T;Tim Hardaway;24;GSW;0.0;1.0;960;0.001;82;39.2;22.сен;4.0;09.июл;02.июн;0.1;0.476;0.385;0.803;09.сен;0.148;1991
19T;Kevin McHale;33;BOS;0.0;1.0;960;0.001;68;30.апр;18.апр;07.янв;01.сен;0.4;02.янв;0.553;0.405;0.829;07.сен;0.182;1991
1;Michael Jordan;28;CHI;80.0;900.0;960;0.938;80;38.8;30.янв;06.апр;06.янв;02.мар;0.9;0.519;0.27;0.832;17.июл;0.274;1992
2;Clyde Drexler;29;POR;12.0;561.0;960;0.584;76;36.2;25.0;06.июн;06.июл;01.авг;0.9;0.47;0.337;0.794;12.авг;0.223;1992
3;David Robinson;26;SAS;2.0;337.0;960;0.351;68;37.7;23.фев;12.фев;02.июл;02.мар;04.май;0.551;0.125;0.701;13.сен;0.26;1992
4;Karl Malone;28;UTA;1.0;262.0;960;0.273;81;37.7;28.0;11.фев;3.0;01.мар;0.6;0.526;0.176;0.778;15.янв;0.237;1992
5;Patrick Ewing;29;NYK;0.0;100.0;960;0.104;82;38.4;24.0;11.фев;01.сен;01.янв;3.0;0.522;0.167;0.738;13.0;0.198;1992
6;Chris Mullin;28;GSW;0.0;81.0;960;0.084;81;41.3;25.июн;05.июн;03.май;02.янв;0.8;0.524;0.366;0.833;10.авг;0.155;1992
7;Mark Price;27;CLE;0.0;66.0;960;0.069;72;29.июл;17.мар;02.апр;07.апр;01.мар;0.2;0.488;0.387;0.947;09.янв;0.205;1992
8;Tim Hardaway;25;GSW;0.0;64.0;960;0.067;81;41.1;23.апр;03.авг;10.0;2.0;0.2;0.461;0.338;0.766;09.фев;0.132;1992
9;Scottie Pippen;26;CHI;1.0;32.0;960;0.033;82;38.6;21.0;07.июл;7.0;01.сен;01.янв;0.506;0.2;0.76;12.июл;0.192;1992
10;Dennis Rodman;30;DET;0.0;26.0;960;0.027;82;40.3;09.авг;18.июл;02.мар;0.8;0.9;0.539;0.317;0.6;12.июн;0.183;1992
11;Brad Daugherty;26;CLE;0.0;24.0;960;0.025;73;36.2;21.май;10.апр;03.июн;0.9;01.янв;0.57;0.0;0.777;11.июл;0.213;1992
12T;Charles Barkley;28;PHI;0.0;18.0;960;0.019;75;38.4;23.янв;11.янв;04.янв;01.авг;0.6;0.552;0.234;0.695;12.мар;0.205;1992
12T;John Stockton;29;UTA;0.0;18.0;960;0.019;82;36.6;15.авг;03.мар;13.июл;3.0;0.3;0.482;0.407;0.842;13.апр;0.215;1992
14;Larry Bird;35;BOS;0.0;3.0;960;0.003;45;36.9;20.фев;09.июн;06.авг;0.9;0.7;0.466;0.406;0.926;05.май;0.159;1992
15;Kevin Johnson;25;PHO;0.0;2.0;960;0.002;78;37.2;19.июл;03.июл;10.июл;01.май;0.3;0.479;0.217;0.807;10.0;0.165;1992
16T;Danny Manning;25;LAC;0.0;1.0;960;0.001;82;35.4;19.мар;06.сен;03.май;01.июн;01.май;0.542;0.0;0.725;09.авг;0.162;1992
16T;Detlef Schrempf;29;IND;0.0;1.0;960;0.001;80;32.6;17.мар;09.июн;03.сен;0.8;0.5;0.536;0.324;0.828;09.авг;0.181;1992
1;Charles Barkley;29;PHO;59.0;835.0;980;0.852;76;37.6;25.июн;12.фев;05.янв;01.июн;1.0;0.52;0.305;0.765;14.апр;0.242;1993
2;Hakeem Olajuwon;30;HOU;22.0;647.0;980;0.66;82;39.5;26.янв;13.0;03.май;01.авг;04.фев;0.529;0.0;0.779;15.авг;0.234;1993
3;Michael Jordan;29;CHI;13.0;565.0;980;0.577;78;39.3;32.6;06.июл;05.май;02.авг;0.8;0.495;0.352;0.837;17.фев;0.27;1993
4;Patrick Ewing;30;NYK;4.0;359.0;980;0.366;81;37.1;24.фев;12.янв;01.сен;0.9;2.0;0.503;0.143;0.719;10.июн;0.17;1993
5;Dominique Wilkins;33;ATL;0.0;54.0;980;0.055;71;37.3;29.сен;06.авг;03.фев;1.0;0.4;0.468;0.38;0.828;10.май;0.191;1993
6;David Robinson;27;SAS;0.0;33.0;980;0.034;82;39.2;23.апр;11.июл;03.июл;01.май;03.фев;0.501;0.176;0.732;13.фев;0.197;1993
7;Shaquille O'Neal;20;ORL;0.0;30.0;980;0.031;81;37.9;23.апр;13.сен;01.сен;0.7;03.май;0.562;0.0;0.592;10.апр;0.163;1993
8T;Karl Malone;29;UTA;0.0;10.0;980;0.01;82;37.8;27.0;11.фев;03.авг;01.май;1.0;0.552;0.2;0.74;15.апр;0.238;1993
8T;Mark Price;28;CLE;0.0;10.0;980;0.01;75;31.июл;18.фев;02.июл;8.0;01.фев;0.1;0.484;0.416;0.948;09.авг;0.197;1993
10T;Brad Daugherty;27;CLE;0.0;1.0;980;0.001;71;37.9;20.фев;10.фев;04.апр;0.7;0.8;0.571;0.5;0.795;12.июл;0.226;1993
10T;Clyde Drexler;30;POR;0.0;1.0;980;0.001;49;34.1;19.сен;06.мар;05.июл;01.сен;0.8;0.429;0.233;0.839;6.0;0.171;1993
10T;Joe Dumars;29;DET;0.0;1.0;980;0.001;77;40.2;23.май;01.сен;4.0;1.0;0.1;0.466;0.375;0.864;09.янв;0.141;1993
10T;Shawn Kemp;23;SEA;0.0;1.0;980;0.001;78;33.1;17.авг;10.июл;2.0;01.май;01.сен;0.492;0.0;0.712;09.янв;0.169;1993
10T;John Stockton;30;UTA;0.0;1.0;980;0.001;82;34.9;15.янв;02.сен;12.0;02.апр;0.3;0.486;0.385;0.798;10.июн;0.177;1993
1;Hakeem Olajuwon;31;HOU;66.0;889.0;1010;0.88;80;41.0;27.мар;11.сен;03.июн;01.июн;03.июл;0.528;0.421;0.716;14.мар;0.21;1994
2;David Robinson;28;SAS;24.0;730.0;1010;0.723;80;40.5;29.авг;10.июл;04.авг;01.июл;03.мар;0.507;0.345;0.749;20.0;0.296;1994
3;Scottie Pippen;28;CHI;7.0;390.0;1010;0.386;72;38.3;22.0;08.июл;05.июн;02.сен;0.8;0.491;0.32;0.66;11.фев;0.194;1994
4;Shaquille O'Neal;21;ORL;3.0;289.0;1010;0.286;81;39.8;29.мар;13.фев;02.апр;0.9;02.сен;0.599;0.0;0.554;16.сен;0.252;1994
5;Patrick Ewing;31;NYK;1.0;255.0;1010;0.252;79;37.6;24.май;11.фев;02.мар;01.янв;02.июл;0.496;0.286;0.765;13.янв;0.211;1994
6;Gary Payton;25;SEA;0.0;20.0;1010;0.02;82;35.1;16.май;03.мар;6.0;02.мар;0.2;0.504;0.278;0.595;09.мар;0.155;1994
7T;Shawn Kemp;24;SEA;0.0;17.0;1010;0.017;79;32.9;18.янв;10.авг;02.июн;01.авг;02.янв;0.538;0.25;0.741;11.июл;0.216;1994
7T;Karl Malone;30;UTA;0.0;17.0;1010;0.017;82;40.6;25.фев;11.май;4.0;01.май;01.май;0.497;0.25;0.694;13.апр;0.193;1994
9;Mark Price;29;CLE;0.0;7.0;1010;0.007;76;31.4;17.мар;3.0;07.авг;01.апр;0.1;0.478;0.397;0.888;10.0;0.201;1994
10;Charles Barkley;30;PHO;0.0;5.0;1010;0.005;65;35.4;21.июн;11.фев;04.июн;01.июн;0.6;0.495;0.27;0.704;08.авг;0.185;1994
11T;Mookie Blaylock;26;ATL;0.0;1.0;1010;0.001;81;36.0;13.авг;05.фев;09.июл;02.июн;0.5;0.411;0.334;0.73;10.фев;0.168;1994
11T;Kevin Johnson;27;PHO;0.0;1.0;1010;0.001;67;36.6;20.0;02.май;09.май;01.сен;0.1;0.487;0.222;0.819;08.июл;0.17;1994
11T;Dennis Rodman;32;SAS;0.0;1.0;1010;0.001;79;37.8;04.июл;17.мар;02.мар;0.7;0.4;0.534;0.208;0.52;08.июл;0.14;1994
11T;Latrell Sprewell;23;GSW;0.0;1.0;1010;0.001;82;43.1;21.0;04.сен;04.июл;02.фев;0.9;0.433;0.361;0.774;8.0;0.108;1994
11T;John Stockton;31;UTA;0.0;1.0;1010;0.001;82;36.2;15.янв;03.янв;12.июн;02.апр;0.3;0.528;0.322;0.805;13.фев;0.214;1994
11T;Dominique Wilkins;34;TOT;0.0;1.0;1010;0.001;74;35.6;26.0;06.май;02.мар;01.фев;0.4;0.44;0.288;0.847;08.апр;0.153;1994
11T;Kevin Willis;31;ATL;0.0;1.0;1010;0.001;80;35.8;19.янв;12.0;01.сен;1.0;0.5;0.499;0.375;0.713;10.фев;0.17;1994
1;David Robinson;29;SAS;73.0;901.0;1050;0.858;81;38.0;27.июн;10.авг;02.сен;01.июл;03.фев;0.53;0.3;0.774;17.май;0.273;1995
2;Shaquille O'Neal;22;ORL;12.0;605.0;1050;0.576;79;37.0;29.мар;11.апр;02.июл;0.9;02.апр;0.583;0.0;0.533;14.0;0.23;1995
3;Karl Malone;31;UTA;14.0;532.0;1050;0.507;82;38.1;26.июл;10.июн;03.май;01.июн;1.0;0.536;0.268;0.742;13.авг;0.212;1995
4;Patrick Ewing;32;NYK;2.0;230.0;1050;0.219;79;37.0;23.сен;11.0;02.июл;0.9;2.0;0.503;0.286;0.75;09.июн;0.157;1995
5;Hakeem Olajuwon;32;HOU;1.0;147.0;1050;0.14;72;39.6;27.авг;10.авг;03.май;01.авг;03.апр;0.517;0.188;0.756;10.июл;0.181;1995
6;Charles Barkley;31;PHO;1.0;96.0;1050;0.091;68;35.0;23.0;11.янв;04.янв;01.июн;0.7;0.486;0.338;0.748;10.июн;0.214;1995
7;Scottie Pippen;29;CHI;1.0;83.0;1050;0.079;79;38.2;21.апр;08.янв;05.фев;02.сен;01.янв;0.48;0.345;0.716;11.авг;0.188;1995
8;John Stockton;32;UTA;1.0;47.0;1050;0.045;82;35.0;14.июл;03.янв;12.мар;02.апр;0.3;0.542;0.449;0.804;13.сен;0.233;1995
9;Gary Payton;26;SEA;0.0;34.0;1050;0.032;82;36.8;20.июн;03.апр;07.янв;02.май;0.2;0.509;0.302;0.716;11.июл;0.187;1995
10;Anfernee Hardaway;23;ORL;0.0;23.0;1050;0.022;77;37.7;20.сен;04.апр;07.фев;01.июл;0.3;0.512;0.349;0.769;10.июл;0.177;1995
11;Michael Jordan;31;CHI;0.0;12.0;1050;0.011;17;39.3;26.сен;06.сен;05.мар;01.авг;0.8;0.411;0.5;0.801;02.мар;0.167;1995
12;Dennis Rodman;33;SAS;0.0;9.0;1050;0.009;49;32.0;07.янв;16.авг;2.0;0.6;0.5;0.571;0.0;0.676;05.авг;0.178;1995
13;Jason Kidd;21;DAL;0.0;7.0;1050;0.007;79;33.8;11.июл;05.апр;07.июл;01.сен;0.3;0.385;0.272;0.698;03.июл;0.066;1995
14;Clyde Drexler;32;TOT;0.0;3.0;1050;0.003;76;35.9;21.авг;06.мар;04.авг;01.авг;0.6;0.461;0.36;0.824;11.июл;0.206;1995
15;Cedric Ceballos;25;LAL;0.0;1.0;1050;0.001;58;35.0;21.июл;8.0;01.авг;1.0;0.3;0.509;0.397;0.716;05.фев;0.123;1995
1;Michael Jordan;32;CHI;109.0;1114.0;1130;0.986;82;37.7;30.апр;06.июн;04.мар;02.фев;0.5;0.495;0.427;0.834;20.апр;0.317;1996
2;David Robinson;30;SAS;0.0;574.0;1130;0.508;82;36.8;25.0;12.фев;3.0;01.апр;03.мар;0.516;0.333;0.761;18.мар;0.29;1996
3;Anfernee Hardaway;24;ORL;2.0;360.0;1130;0.319;82;36.8;21.июл;04.мар;07.янв;2.0;0.5;0.513;0.314;0.767;14.апр;0.229;1996
4;Hakeem Olajuwon;33;HOU;1.0;238.0;1130;0.211;72;38.8;26.сен;10.сен;03.июн;01.июн;02.сен;0.514;0.214;0.724;09.июл;0.166;1996
5;Scottie Pippen;30;CHI;0.0;226.0;1130;0.2;77;36.7;19.апр;06.апр;05.сен;01.июл;0.7;0.463;0.374;0.679;12.мар;0.209;1996
6;Gary Payton;27;SEA;0.0;98.0;1130;0.087;81;39.0;19.мар;04.фев;07.май;02.сен;0.2;0.484;0.328;0.748;11.май;0.174;1996
7;Karl Malone;32;UTA;1.0;85.0;1130;0.075;82;38.0;25.июл;09.авг;04.фев;01.июл;0.7;0.519;0.4;0.723;15.янв;0.233;1996
8;Shawn Kemp;26;SEA;0.0;73.0;1130;0.065;79;33.3;19.июн;11.апр;02.фев;01.фев;01.июн;0.561;0.417;0.742;11.фев;0.205;1996
9T;Grant Hill;23;DET;0.0;63.0;1130;0.056;80;40.8;20.фев;09.авг;06.сен;01.мар;0.6;0.462;0.192;0.751;11.июл;0.172;1996
9T;Shaquille O'Neal;23;ORL;0.0;63.0;1130;0.056;54;36.0;26.июн;11.0;02.сен;0.6;02.янв;0.573;0.5;0.487;06.сен;0.171;1996
11;John Stockton;33;UTA;0.0;12.0;1130;0.011;82;35.5;14.июл;02.авг;11.фев;01.июл;0.2;0.538;0.422;0.83;13.0;0.214;1996
12T;Charles Barkley;32;PHO;0.0;8.0;1130;0.007;71;37.1;23.фев;11.июн;03.июл;01.июн;0.8;0.5;0.28;0.777;10.май;0.191;1996
12T;Magic Johnson;36;LAL;0.0;8.0;1130;0.007;32;29.сен;14.июн;05.июл;06.сен;0.8;0.4;0.466;0.379;0.856;03.июн;0.181;1996
14;Alonzo Mourning;25;MIA;0.0;6.0;1130;0.005;70;38.2;23.фев;10.апр;02.мар;1.0;02.июл;0.523;0.3;0.685;09.сен;0.178;1996
15;Dennis Rodman;34;CHI;0.0;4.0;1130;0.004;64;32.6;05.май;14.сен;02.май;0.6;0.4;0.48;0.111;0.528;06.фев;0.143;1996
16T;Terrell Brandon;25;CLE;0.0;3.0;1130;0.003;75;34.3;19.мар;03.мар;06.май;01.авг;0.4;0.465;0.387;0.887;12.июл;0.237;1996
16T;Mitch Richmond;30;SAC;0.0;3.0;1130;0.003;81;36.4;23.янв;03.мар;03.янв;01.май;0.2;0.447;0.437;0.866;09.мар;0.151;1996
1;Karl Malone;33;UTA;63.0;986.0;1150;0.857;82;36.6;27.апр;09.сен;04.май;01.апр;0.6;0.55;0.0;0.755;16.июл;0.268;1997
2;Michael Jordan;33;CHI;52.0;957.0;1150;0.832;82;37.9;29.июн;05.сен;04.мар;01.июл;0.5;0.486;0.374;0.833;18.мар;0.283;1997
3;Grant Hill;24;DET;0.0;376.0;1150;0.327;80;39.3;21.апр;9.0;07.мар;01.авг;0.6;0.496;0.303;0.711;14.июн;0.223;1997
4;Tim Hardaway;30;MIA;0.0;238.0;1150;0.207;81;38.7;20.мар;03.апр;08.июн;01.сен;0.1;0.415;0.344;0.799;12.сен;0.198;1997
5;Glen Rice;29;CHH;0.0;134.0;1150;0.117;79;42.6;26.авг;4.0;2.0;0.9;0.3;0.477;0.47;0.867;10.авг;0.154;1997
6;Gary Payton;28;SEA;0.0;105.0;1150;0.091;82;39.2;21.авг;04.июн;07.янв;02.апр;0.2;0.476;0.313;0.715;12.сен;0.193;1997
7;Hakeem Olajuwon;34;HOU;0.0;95.0;1150;0.083;78;36.6;23.фев;09.фев;3.0;01.май;02.фев;0.51;0.313;0.787;09.янв;0.154;1997
8;Patrick Ewing;34;NYK;0.0;57.0;1150;0.05;78;37.0;22.апр;10.июл;2.0;0.9;02.апр;0.488;0.222;0.754;09.авг;0.163;1997
9T;Anthony Mason;30;CHH;0.0;7.0;1150;0.006;73;43.1;16.фев;11.апр;05.июл;1.0;0.5;0.525;0.333;0.745;11.апр;0.173;1997
9T;Shaquille O'Neal;24;LAL;0.0;7.0;1150;0.006;51;38.1;26.фев;12.май;03.янв;0.9;02.сен;0.557;0.0;0.484;8.0;0.197;1997
11;Scottie Pippen;31;CHI;0.0;6.0;1150;0.005;82;37.7;20.фев;06.май;05.июл;01.сен;0.5;0.474;0.368;0.701;13.янв;0.203;1997
12;Alonzo Mourning;26;MIA;0.0;5.0;1150;0.004;66;35.2;19.авг;09.сен;01.июн;0.8;02.сен;0.534;0.111;0.642;08.апр;0.174;1997
13T;Dikembe Mutombo;30;ATL;0.0;4.0;1150;0.003;80;37.2;13.мар;11.июн;01.апр;0.6;03.мар;0.527;;0.705;11.мар;0.183;1997
13T;Mitch Richmond;31;SAC;0.0;4.0;1150;0.003;81;38.6;25.сен;03.сен;04.фев;01.май;0.3;0.454;0.428;0.861;10.авг;0.166;1997
15;John Stockton;34;UTA;0.0;3.0;1150;0.003;82;35.3;14.апр;02.авг;10.май;2.0;0.2;0.548;0.422;0.846;13.июн;0.226;1997
16;Charles Barkley;33;HOU;0.0;2.0;1150;0.002;53;37.9;19.фев;13.май;04.июл;01.мар;0.5;0.484;0.283;0.694;09.апр;0.224;1997
17T;Tom Gugliotta;27;MIN;0.0;1.0;1150;0.001;81;38.7;20.июн;08.июл;04.янв;01.июн;01.янв;0.442;0.258;0.82;06.июл;0.103;1997
17T;Allen Iverson;21;PHI;0.0;1.0;1150;0.001;76;40.1;23.май;04.янв;07.май;02.янв;0.3;0.416;0.341;0.702;04.янв;0.065;1997
17T;Kevin Johnson;30;PHO;0.0;1.0;1150;0.001;70;38.0;20.янв;03.июн;09.мар;01.май;0.2;0.496;0.441;0.852;11.июл;0.211;1997
17T;Steve Smith;27;ATL;0.0;1.0;1150;0.001;72;39.1;20.янв;03.мар;04.фев;0.9;0.3;0.429;0.335;0.847;09.янв;0.154;1997
1;Michael Jordan;34;CHI;92.0;1084.0;1160;0.934;82;38.8;28.июл;05.авг;03.май;01.июл;0.5;0.465;0.238;0.784;15.авг;0.238;1998
2;Karl Malone;34;UTA;20.0;842.0;1160;0.726;81;37.4;27.0;10.мар;03.сен;01.фев;0.9;0.53;0.333;0.761;16.апр;0.259;1998
3;Gary Payton;29;SEA;3.0;431.0;1160;0.372;82;38.4;19.фев;04.июн;08.мар;02.мар;0.2;0.453;0.338;0.744;12.май;0.19;1998
4;Shaquille O'Neal;25;LAL;1.0;311.0;1160;0.268;60;36.3;28.мар;11.апр;02.апр;0.7;02.апр;0.584;;0.527;10.фев;0.224;1998
5;Tim Duncan;21;SAS;0.0;148.0;1160;0.128;82;39.1;21.янв;11.сен;02.июл;0.7;02.май;0.549;0.0;0.662;12.авг;0.192;1998
6;Tim Hardaway;31;MIA;0.0;71.0;1160;0.061;81;37.4;18.сен;03.июл;08.мар;01.июл;0.2;0.431;0.351;0.781;11.июл;0.185;1998
7;David Robinson;32;SAS;0.0;36.0;1160;0.031;73;33.7;21.июн;10.июн;02.июл;0.9;02.июн;0.511;0.25;0.735;13.авг;0.269;1998
8;Vin Baker;26;SEA;0.0;24.0;1160;0.021;82;35.9;19.фев;8.0;01.сен;01.янв;1.0;0.542;0.143;0.591;10.апр;0.169;1998
9;Grant Hill;25;DET;0.0;23.0;1160;0.02;81;40.7;21.янв;07.июл;06.авг;01.авг;0.7;0.452;0.143;0.74;10.фев;0.149;1998
10;Scottie Pippen;32;CHI;0.0;14.0;1160;0.012;44;37.5;19.янв;05.фев;05.авг;01.авг;1.0;0.447;0.318;0.777;06.июн;0.193;1998
11;Glen Rice;30;CHH;0.0;7.0;1160;0.006;82;40.2;22.мар;04.мар;02.фев;0.9;0.3;0.457;0.433;0.849;09.мар;0.136;1998
12;Antoine Walker;21;BOS;0.0;6.0;1160;0.005;82;39.9;22.апр;10.фев;03.мар;01.июл;0.7;0.423;0.312;0.645;04.июл;0.07;1998
13T;Jason Kidd;24;PHO;0.0;5.0;1160;0.004;82;38.0;11.июн;06.фев;09.янв;2.0;0.3;0.416;0.313;0.799;8.0;0.123;1998
13T;John Stockton;35;UTA;0.0;5.0;1160;0.004;64;29.0;12.0;02.июн;08.май;01.апр;0.2;0.528;0.429;0.827;8.0;0.206;1998
15;Mitch Richmond;32;SAC;0.0;3.0;1160;0.003;70;36.7;23.фев;03.мар;4.0;01.мар;0.2;0.445;0.389;0.864;07.сен;0.148;1998
16T;Reggie Miller;32;IND;0.0;2.0;1160;0.002;81;34.5;19.май;02.сен;02.янв;1.0;0.1;0.477;0.429;0.868;12.0;0.206;1998
16T;Rik Smits;31;IND;0.0;2.0;1160;0.002;73;28.июн;16.июл;06.сен;01.апр;0.5;01.фев;0.495;0.0;0.783;06.янв;0.141;1998
18T;Michael Finley;24;DAL;0.0;1.0;1160;0.001;82;41.4;21.май;05.мар;04.сен;01.июн;0.4;0.449;0.357;0.784;07.май;0.106;1998
18T;Rod Strickland;31;WAS;0.0;1.0;1160;0.001;76;39.7;17.авг;05.мар;10.май;01.июл;0.3;0.434;0.25;0.726;08.янв;0.129;1998
1;Karl Malone;35;UTA;44.0;827.0;1180;0.701;49;37.4;23.авг;09.апр;04.янв;01.мар;0.6;0.493;0.0;0.788;09.июн;0.252;1999
2;Alonzo Mourning;28;MIA;36.0;773.0;1180;0.655;46;38.1;20.янв;11.0;01.июн;0.7;03.сен;0.511;0.0;0.652;07.сен;0.216;1999
3;Tim Duncan;22;SAS;30.0;740.0;1180;0.627;50;39.3;21.июл;11.апр;02.апр;0.9;02.май;0.495;0.143;0.69;08.июл;0.213;1999
4;Allen Iverson;23;PHI;5.0;319.0;1180;0.27;48;41.5;26.авг;04.сен;04.июн;02.мар;0.1;0.412;0.291;0.751;07.фев;0.173;1999
5;Jason Kidd;25;PHO;2.0;159.0;1180;0.135;50;41.2;16.сен;06.авг;10.авг;02.мар;0.4;0.444;0.366;0.757;08.янв;0.188;1999
6;Shaquille O'Neal;26;LAL;1.0;89.0;1180;0.075;49;34.8;26.мар;10.июл;02.мар;0.7;01.июл;0.576;0.0;0.54;9.0;0.255;1999
7;Chris Webber;25;SAC;0.0;51.0;1180;0.043;42;40.9;20.0;13.0;04.янв;01.апр;02.янв;0.486;0.118;0.454;03.июн;0.102;1999
8;Grant Hill;26;DET;0.0;39.0;1180;0.033;50;37.0;21.янв;07.янв;6.0;01.июн;0.5;0.479;0.0;0.752;07.мар;0.189;1999
9;Gary Payton;30;SEA;0.0;35.0;1180;0.03;50;40.2;21.июл;04.сен;08.июл;02.фев;0.2;0.434;0.295;0.721;07.фев;0.172;1999
10;Kevin Garnett;22;MIN;0.0;9.0;1180;0.008;47;37.9;20.авг;10.апр;04.мар;01.июл;01.авг;0.46;0.286;0.704;05.апр;0.146;1999
11;Shawn Kemp;29;CLE;0.0;7.0;1180;0.006;42;35.1;20.май;09.фев;02.апр;01.янв;01.янв;0.482;0.5;0.789;06.мар;0.205;1999
12;David Robinson;33;SAS;0.0;6.0;1180;0.005;49;31.июл;15.авг;10.0;02.янв;01.апр;02.апр;0.509;0.0;0.658;08.апр;0.261;1999
13T;Hakeem Olajuwon;36;HOU;0.0;3.0;1180;0.003;50;35.7;18.сен;09.июн;01.авг;01.июн;02.май;0.514;0.308;0.717;06.май;0.175;1999
13T;Arvydas Sabonis;34;POR;0.0;3.0;1180;0.003;50;27.0;12.янв;07.сен;02.апр;0.7;01.мар;0.485;0.292;0.771;05.авг;0.207;1999
15;Darrell Armstrong;30;ORL;0.0;2.0;1180;0.002;50;30.0;13.авг;03.июн;06.июл;02.фев;0.1;0.441;0.365;0.904;06.апр;0.205;1999
16T;Vince Carter;22;TOR;0.0;1.0;1180;0.001;50;35.2;18.мар;05.июл;3.0;01.янв;01.май;0.45;0.288;0.761;5.0;0.136;1999
16T;Anfernee Hardaway;27;ORL;0.0;1.0;1180;0.001;50;38.9;15.авг;05.июл;05.мар;02.фев;0.5;0.42;0.286;0.706;5.0;0.122;1999
16T;Mark Jackson;33;IND;0.0;1.0;1180;0.001;49;28.фев;07.июн;03.авг;07.сен;0.9;0.1;0.419;0.311;0.823;03.авг;0.134;1999
16T;Glenn Robinson;26;MIL;0.0;1.0;1180;0.001;47;33.6;18.апр;05.сен;02.янв;1.0;0.9;0.459;0.392;0.87;4.0;0.122;1999
16T;Steve Smith;29;ATL;0.0;1.0;1180;0.001;36;36.5;18.июл;04.фев;03.мар;1.0;0.3;0.402;0.338;0.849;04.апр;0.162;1999
16T;Rasheed Wallace;24;POR;0.0;1.0;1180;0.001;49;28.сен;12.авг;04.сен;01.фев;1.0;01.янв;0.508;0.419;0.732;5.0;0.169;1999
1;Shaquille O'Neal;27;LAL;120.0;1207.0;1210;0.998;79;40.0;29.июл;13.июн;03.авг;0.5;3.0;0.574;0.0;0.524;18.июн;0.283;2000
2;Kevin Garnett;23;MIN;0.0;408.0;1210;0.337;81;40.0;22.сен;11.авг;5.0;01.май;01.июн;0.497;0.37;0.765;11.июн;0.172;2000
3;Alonzo Mourning;29;MIA;0.0;367.0;1210;0.303;79;34.8;21.июл;09.май;01.июн;0.5;03.июл;0.551;0.0;0.711;12.сен;0.226;2000
4;Karl Malone;36;UTA;0.0;312.0;1210;0.258;82;35.9;25.май;09.май;03.июл;1.0;0.9;0.509;0.25;0.797;15.мар;0.249;2000
5;Tim Duncan;23;SAS;0.0;248.0;1210;0.205;74;38.9;23.фев;12.апр;03.фев;0.9;02.фев;0.49;0.091;0.761;13.0;0.218;2000
6;Gary Payton;31;SEA;0.0;180.0;1210;0.149;82;41.8;24.фев;06.май;08.сен;01.сен;0.2;0.448;0.34;0.735;13.сен;0.195;2000
7;Allen Iverson;24;PHI;1.0;132.0;1210;0.109;70;40.8;28.апр;03.авг;04.июл;02.янв;0.1;0.421;0.341;0.713;06.сен;0.116;2000
8;Grant Hill;27;DET;0.0;113.0;1210;0.093;74;37.5;25.авг;06.июн;05.фев;01.апр;0.6;0.489;0.347;0.795;10.июл;0.185;2000
9;Chris Webber;26;SAC;0.0;96.0;1210;0.079;75;38.4;24.май;10.май;04.июн;01.июн;01.июл;0.483;0.284;0.751;10.июл;0.179;2000
10;Vince Carter;23;TOR;0.0;51.0;1210;0.042;82;38.1;25.июл;05.авг;03.сен;01.мар;01.янв;0.465;0.403;0.791;11.авг;0.182;2000
11;Jason Kidd;26;PHO;0.0;25.0;1210;0.021;67;39.0;14.мар;07.фев;10.янв;2.0;0.4;0.409;0.337;0.829;08.май;0.156;2000
12;Kobe Bryant;21;LAL;0.0;3.0;1210;0.002;66;38.2;22.май;06.мар;04.сен;01.июн;0.9;0.468;0.319;0.821;10.июн;0.202;2000
13T;Darrell Armstrong;31;ORL;0.0;1.0;1210;0.001;82;31.6;16.фев;03.мар;06.янв;02.янв;0.1;0.433;0.34;0.911;8.0;0.149;2000
13T;Michael Finley;26;DAL;0.0;1.0;1210;0.001;82;42.2;22.июн;06.мар;05.мар;01.мар;0.4;0.457;0.401;0.82;08.мар;0.114;2000
13T;Reggie Miller;34;IND;0.0;1.0;1210;0.001;81;36.9;18.янв;3.0;02.мар;1.0;0.3;0.448;0.408;0.919;10.янв;0.162;2000
13T;Jalen Rose;27;IND;0.0;1.0;1210;0.001;80;37.2;18.фев;04.авг;4.0;01.янв;0.6;0.471;0.393;0.827;07.мар;0.118;2000
1;Allen Iverson;25;PHI;93.0;1121.0;1240;0.904;71;42.0;31.янв;03.авг;04.июн;02.май;0.3;0.42;0.32;0.814;11.авг;0.19;2001
2;Tim Duncan;24;SAS;18.0;706.0;1240;0.569;82;38.7;22.фев;12.фев;3.0;0.9;02.мар;0.499;0.259;0.618;13.фев;0.2;2001
3;Shaquille O'Neal;28;LAL;7.0;578.0;1240;0.466;74;39.5;28.июл;12.июл;03.июл;0.6;02.авг;0.572;0.0;0.513;14.сен;0.245;2001
4;Chris Webber;27;SAC;5.0;521.0;1240;0.42;70;40.5;27.янв;11.янв;04.фев;01.мар;01.июл;0.481;0.071;0.703;11.0;0.186;2001
5;Kevin Garnett;24;MIN;1.0;151.0;1240;0.122;81;39.5;22.0;11.апр;5.0;01.апр;01.авг;0.477;0.288;0.764;11.авг;0.176;2001
6;Tracy McGrady;21;ORL;0.0;64.0;1240;0.052;77;40.1;26.авг;07.май;04.июн;01.май;01.май;0.457;0.355;0.733;12.фев;0.189;2001
7;Karl Malone;37;UTA;0.0;21.0;1240;0.017;81;35.7;23.фев;08.мар;04.май;01.янв;0.8;0.498;0.4;0.793;13.янв;0.217;2001
8;Jason Kidd;27;PHO;0.0;18.0;1240;0.015;77;39.8;16.сен;06.апр;09.авг;02.фев;0.3;0.411;0.297;0.814;09.июн;0.15;2001
9;Kobe Bryant;22;LAL;0.0;11.0;1240;0.009;68;40.9;28.май;05.сен;5.0;01.июл;0.6;0.464;0.305;0.853;11.мар;0.196;2001
10;David Robinson;35;SAS;0.0;8.0;1240;0.006;80;29.июн;14.апр;08.июн;01.май;1.0;02.май;0.486;0.0;0.747;12.янв;0.246;2001
11T;Ray Allen;25;MIL;0.0;7.0;1240;0.006;82;38.2;22.0;05.фев;04.июн;01.май;0.2;0.48;0.433;0.888;13.июл;0.211;2001
11T;Vince Carter;24;TOR;0.0;7.0;1240;0.006;75;39.7;27.июн;05.май;03.сен;01.май;01.янв;0.46;0.408;0.765;12.сен;0.208;2001
13;Paul Pierce;23;BOS;0.0;5.0;1240;0.004;82;38.0;25.мар;06.апр;03.янв;01.июл;0.8;0.454;0.383;0.745;10.апр;0.16;2001
14;Jerry Stackhouse;26;DET;0.0;3.0;1240;0.002;80;40.2;29.авг;03.сен;05.янв;01.фев;0.7;0.402;0.351;0.822;09.фев;0.137;2001
15T;Michael Finley;27;DAL;0.0;1.0;1240;0.001;82;42.0;21.май;05.фев;04.апр;01.апр;0.4;0.458;0.346;0.775;08.май;0.119;2001
15T;Anthony Mason;34;MIA;0.0;1.0;1240;0.001;80;40.7;16.янв;09.июн;03.янв;1.0;0.3;0.482;;0.781;11.июн;0.171;2001
15T;John Stockton;38;UTA;0.0;1.0;1240;0.001;82;29.2;11.май;02.авг;08.июл;01.июн;0.3;0.504;0.462;0.817;10.авг;0.216;2001
1;Tim Duncan;25;SAS;57.0;954.0;1260;0.757;82;40.6;25.май;12.июл;03.июл;0.7;02.май;0.508;0.1;0.799;17.авг;0.257;2002
2;Jason Kidd;28;NJN;45.0;897.0;1260;0.712;82;37.3;14.июл;07.мар;09.сен;02.янв;0.2;0.391;0.321;0.814;08.сен;0.14;2002
3;Shaquille O'Neal;29;LAL;15.0;696.0;1260;0.552;67;36.1;27.фев;10.июл;3.0;0.6;2.0;0.579;0.0;0.555;13.фев;0.262;2002
4;Tracy McGrady;22;ORL;7.0;390.0;1260;0.31;76;38.3;25.июн;07.сен;05.мар;01.июн;1.0;0.451;0.364;0.748;11.май;0.189;2002
5;Kobe Bryant;23;LAL;1.0;98.0;1260;0.078;80;38.3;25.фев;05.май;05.май;01.май;0.4;0.469;0.25;0.829;12.июл;0.199;2002
6;Gary Payton;33;SEA;1.0;54.0;1260;0.043;82;40.3;22.янв;04.авг;9.0;01.июн;0.3;0.467;0.314;0.797;12.июн;0.183;2002
7;Chris Webber;28;SAC;0.0;37.0;1260;0.029;54;38.4;24.май;10.янв;04.авг;01.июл;01.апр;0.495;0.263;0.749;08.июн;0.2;2002
8;Dirk Nowitzki;23;DAL;0.0;31.0;1260;0.025;76;38.0;23.апр;09.сен;02.апр;01.янв;1.0;0.477;0.397;0.853;13.апр;0.222;2002
9;Allen Iverson;26;PHI;0.0;29.0;1260;0.023;60;43.7;31.4;04.май;05.май;02.авг;0.2;0.398;0.291;0.812;06.сен;0.126;2002
10;Ben Wallace;27;DET;0.0;24.0;1260;0.019;80;36.5;07.июн;13.0;01.апр;01.июл;03.май;0.531;0.0;0.423;11.июн;0.19;2002
11;Paul Pierce;24;BOS;0.0;22.0;1260;0.017;82;40.3;26.янв;06.сен;03.фев;01.сен;1.0;0.442;0.404;0.809;12.сен;0.187;2002
12;Kevin Garnett;25;MIN;0.0;17.0;1260;0.013;81;39.2;21.фев;12.янв;05.фев;01.фев;01.июн;0.47;0.319;0.801;12.авг;0.194;2002
13;Michael Jordan;38;WAS;0.0;16.0;1260;0.013;60;34.9;22.сен;05.июл;05.фев;01.апр;0.4;0.416;0.189;0.79;03.мар;0.075;2002
14;Steve Nash;27;DAL;0.0;5.0;1260;0.004;82;34.6;17.сен;03.янв;07.июл;0.6;0.0;0.483;0.455;0.887;09.сен;0.167;2002
15;Jerry Stackhouse;27;DET;0.0;3.0;1260;0.002;76;35.3;21.апр;04.янв;05.мар;1.0;0.5;0.397;0.287;0.858;05.авг;0.104;2002
16T;Mike Bibby;23;SAC;0.0;1.0;1260;0.001;80;33.2;13.июл;02.авг;5.0;01.янв;0.2;0.453;0.37;0.803;06.мар;0.113;2002
16T;Elton Brand;22;LAC;0.0;1.0;1260;0.001;80;37.8;18.фев;11.июн;02.апр;1.0;2.0;0.527;;0.742;13.июн;0.216;2002
16T;Peja StojakoviД‡;24;SAC;0.0;1.0;1260;0.001;71;37.3;21.фев;05.мар;02.май;01.янв;0.2;0.484;0.416;0.876;09.сен;0.179;2002
1;Tim Duncan;26;SAS;60.0;962.0;1190;0.808;81;39.3;23.мар;12.сен;03.сен;0.7;02.сен;0.513;0.273;0.71;16.май;0.248;2003
2;Kevin Garnett;26;MIN;43.0;871.0;1190;0.732;82;40.5;23.0;13.апр;6.0;01.апр;01.июн;0.502;0.282;0.751;15.июн;0.225;2003
3;Kobe Bryant;24;LAL;8.0;496.0;1190;0.417;82;41.5;30.0;06.сен;05.сен;02.фев;0.8;0.451;0.383;0.843;14.сен;0.21;2003
4;Tracy McGrady;23;ORL;4.0;427.0;1190;0.359;75;39.4;32.1;06.май;05.май;01.июл;0.8;0.457;0.386;0.793;16.янв;0.262;2003
5;Shaquille O'Neal;30;LAL;3.0;126.0;1190;0.106;67;37.8;27.май;11.янв;03.янв;0.6;02.апр;0.574;;0.622;13.фев;0.25;2003
6;Allen Iverson;27;PHI;0.0;83.0;1190;0.07;82;42.5;27.июн;04.фев;05.май;02.июл;0.2;0.414;0.277;0.774;09.фев;0.127;2003
7;Dirk Nowitzki;24;DAL;0.0;43.0;1190;0.036;80;39.0;25.янв;09.сен;3.0;01.апр;1.0;0.463;0.379;0.881;16.янв;0.249;2003
8;Ben Wallace;28;DET;1.0;33.0;1190;0.028;73;39.4;06.сен;15.апр;01.июн;01.апр;03.фев;0.481;0.167;0.45;10.июн;0.176;2003
9;Jason Kidd;29;NJN;0.0;31.0;1190;0.026;80;37.4;18.июл;06.мар;08.сен;02.фев;0.3;0.414;0.341;0.841;11.мар;0.182;2003
10;Chris Webber;29;SAC;0.0;19.0;1190;0.016;67;39.1;23.0;10.май;05.апр;01.июн;01.мар;0.461;0.238;0.607;06.сен;0.127;2003
11T;Jamal Mashburn;30;NOH;0.0;1.0;1190;0.001;82;40.5;21.июн;06.янв;05.июн;1.0;0.2;0.422;0.389;0.848;9.0;0.13;2003
11T;Steve Nash;28;DAL;0.0;1.0;1190;0.001;82;33.1;17.июл;02.сен;07.мар;1.0;0.1;0.465;0.413;0.909;11.июн;0.206;2003
11T;Paul Pierce;25;BOS;0.0;1.0;1190;0.001;79;39.2;25.сен;07.мар;04.апр;01.авг;0.8;0.416;0.302;0.802;10.янв;0.157;2003
1;Kevin Garnett;27;MIN;120.0;1219.0;1230;0.991;82;39.4;24.фев;13.сен;5.0;01.май;02.фев;0.499;0.256;0.791;18.мар;0.272;2004
2;Tim Duncan;27;SAS;0.0;716.0;1230;0.582;69;36.6;22.мар;12.апр;03.янв;0.9;02.июл;0.501;0.167;0.599;13.янв;0.249;2004
3;Jermaine O'Neal;25;IND;2.0;523.0;1230;0.425;78;35.7;20.янв;10.0;02.янв;0.8;02.июн;0.434;0.111;0.757;9.0;0.155;2004
4;Peja StojakoviД‡;26;SAC;1.0;281.0;1230;0.228;81;40.3;24.фев;06.мар;02.янв;01.мар;0.2;0.48;0.433;0.927;13.май;0.198;2004
5;Kobe Bryant;25;LAL;0.0;212.0;1230;0.172;65;37.6;24.0;05.май;05.янв;01.июл;0.4;0.438;0.327;0.852;10.июл;0.21;2004
6;Shaquille O'Neal;31;LAL;0.0;178.0;1230;0.145;67;36.8;21.май;11.май;02.сен;0.5;02.май;0.584;;0.49;09.сен;0.192;2004
7;Ben Wallace;29;DET;0.0;24.0;1230;0.02;81;37.7;09.май;12.апр;01.июл;01.авг;3.0;0.421;0.125;0.49;10.фев;0.16;2004
8;Jason Kidd;30;NJN;0.0;17.0;1230;0.014;67;36.6;15.май;06.апр;09.фев;01.авг;0.2;0.384;0.321;0.827;07.фев;0.141;2004
9;LeBron James;19;CLE;0.0;11.0;1230;0.009;79;39.5;20.сен;05.май;05.сен;01.июн;0.7;0.417;0.29;0.754;05.янв;0.078;2004
10T;Sam Cassell;34;MIN;0.0;4.0;1230;0.003;81;35.0;19.авг;03.мар;07.мар;01.мар;0.2;0.488;0.398;0.873;12.янв;0.205;2004
10T;Baron Davis;24;NOH;0.0;4.0;1230;0.003;67;40.1;22.сен;04.мар;07.май;02.апр;0.4;0.395;0.321;0.673;07.май;0.133;2004
10T;Dirk Nowitzki;25;DAL;0.0;4.0;1230;0.003;77;37.9;21.авг;08.июл;02.июл;01.фев;01.апр;0.462;0.341;0.877;11.май;0.19;2004
13;Andrei Kirilenko;22;UTA;0.0;2.0;1230;0.002;78;37.1;16.май;08.янв;03.янв;01.сен;02.авг;0.443;0.338;0.79;11.июн;0.192;2004
14T;Carmelo Anthony;19;DEN;0.0;1.0;1230;0.001;82;36.5;21.0;06.янв;02.авг;01.фев;0.5;0.426;0.322;0.777;06.янв;0.098;2004
14T;Yao Ming;23;HOU;0.0;1.0;1230;0.001;82;32.8;17.май;9.0;01.май;0.3;01.сен;0.522;0.0;0.809;11.апр;0.202;2004
14T;Michael Redd;24;MIL;0.0;1.0;1230;0.001;82;36.8;21.июл;5.0;02.мар;1.0;0.1;0.44;0.35;0.868;09.июл;0.154;2004
1;Steve Nash;30;PHO;65.0;1066.0;1270;0.839;75;34.3;15.май;03.мар;11.май;1.0;0.1;0.502;0.431;0.887;10.сен;0.203;2005
2;Shaquille O'Neal;32;MIA;58.0;1032.0;1270;0.813;73;34.1;22.сен;10.апр;02.июл;0.5;02.мар;0.601;;0.461;11.0;0.211;2005
3;Dirk Nowitzki;26;DAL;0.0;349.0;1270;0.275;78;38.7;26.янв;09.июл;03.янв;01.фев;01.май;0.459;0.399;0.869;15.июн;0.248;2005
4;Tim Duncan;28;SAS;1.0;328.0;1270;0.258;66;33.4;20.мар;11.янв;02.июл;0.7;02.июн;0.496;0.333;0.67;11.фев;0.245;2005
5;Allen Iverson;29;PHI;2.0;240.0;1270;0.189;75;42.3;30.июл;4.0;07.сен;02.апр;0.1;0.424;0.308;0.835;9.0;0.136;2005
6;LeBron James;20;CLE;0.0;93.0;1270;0.073;80;42.4;27.фев;07.апр;07.фев;02.фев;0.7;0.472;0.351;0.75;14.мар;0.203;2005
7;Tracy McGrady;25;HOU;0.0;44.0;1270;0.035;78;40.8;25.июл;06.фев;05.июл;01.июл;0.7;0.431;0.326;0.774;12.0;0.18;2005
8;Dwyane Wade;23;MIA;0.0;43.0;1270;0.034;77;38.6;24.янв;05.фев;06.авг;01.июн;01.янв;0.478;0.289;0.762;11.0;0.177;2005
9T;Amar'e Stoudemire;22;PHO;1.0;41.0;1270;0.032;80;36.1;26.0;08.сен;01.июн;1.0;01.июн;0.559;0.188;0.733;14.июн;0.243;2005
9T;Ray Allen;29;SEA;0.0;41.0;1270;0.032;78;39.3;23.сен;04.апр;03.июл;01.янв;0.1;0.428;0.376;0.883;10.июл;0.168;2005
11;Kevin Garnett;28;MIN;0.0;15.0;1270;0.012;82;38.1;22.фев;13.май;05.июл;01.май;01.апр;0.502;0.24;0.811;16.янв;0.248;2005
12;Gilbert Arenas;23;WAS;0.0;4.0;1270;0.003;80;40.9;25.май;04.июл;05.янв;01.июл;0.3;0.431;0.365;0.814;11.май;0.169;2005
13;Vince Carter;28;TOT;0.0;3.0;1270;0.002;77;36.7;24.май;05.фев;04.фев;01.апр;0.6;0.452;0.406;0.798;09.апр;0.159;2005
14T;P.J. Brown;35;NOH;0.0;1.0;1270;0.001;82;34.4;10.авг;9.0;02.фев;0.9;0.6;0.446;;0.864;06.сен;0.118;2005
14T;Marcus Camby;30;DEN;0.0;1.0;1270;0.001;66;30.май;10.мар;10.0;02.мар;0.9;3.0;0.465;0.0;0.723;05.авг;0.138;2005
14T;Shawn Marion;26;PHO;0.0;1.0;1270;0.001;81;38.8;19.апр;11.мар;01.сен;2.0;01.май;0.476;0.334;0.833;12.май;0.191;2005
1;Steve Nash;31;PHO;57.0;924.0;1250;0.739;79;35.4;18.авг;04.фев;10.май;0.8;0.2;0.512;0.439;0.921;12.апр;0.212;2006
2;LeBron James;21;CLE;16.0;688.0;1250;0.55;79;42.5;31.4;7.0;06.июн;01.июн;0.8;0.48;0.335;0.738;16.мар;0.232;2006
3;Dirk Nowitzki;27;DAL;14.0;544.0;1250;0.435;81;38.1;26.июн;9.0;02.авг;0.7;1.0;0.48;0.406;0.901;17.июл;0.275;2006
4;Kobe Bryant;27;LAL;22.0;483.0;1250;0.386;80;41.0;35.4;05.мар;04.май;01.авг;0.4;0.45;0.347;0.85;15.мар;0.224;2006
5;Chauncey Billups;29;DET;15.0;430.0;1250;0.344;81;36.1;18.май;03.янв;08.июн;0.9;0.1;0.418;0.433;0.894;15.май;0.254;2006
6;Dwyane Wade;24;MIA;0.0;87.0;1250;0.07;75;38.6;27.фев;05.июл;06.июл;01.сен;0.8;0.495;0.171;0.783;14.апр;0.239;2006
7;Elton Brand;26;LAC;1.0;50.0;1250;0.04;79;39.2;24.июл;10.0;02.июн;1.0;02.май;0.527;0.333;0.775;14.авг;0.229;2006
8;Tim Duncan;29;SAS;0.0;33.0;1250;0.026;80;34.8;18.июн;11.0;03.фев;0.9;2.0;0.484;0.4;0.629;10.авг;0.187;2006
9;Tony Parker;23;SAS;0.0;9.0;1250;0.007;80;33.9;18.сен;03.мар;05.авг;1.0;0.1;0.548;0.306;0.707;09.июн;0.169;2006
10T;Allen Iverson;30;PHI;0.0;1.0;1250;0.001;72;43.1;33.0;03.фев;07.апр;01.сен;0.1;0.447;0.323;0.814;10.июн;0.165;2006
10T;Shawn Marion;27;PHO;0.0;1.0;1250;0.001;81;40.3;21.авг;11.авг;01.авг;2.0;01.июл;0.525;0.331;0.809;14.июн;0.214;2006
1;Dirk Nowitzki;28;DAL;83.0;1138.0;1290;0.882;78;36.2;24.июн;08.сен;03.апр;0.7;0.8;0.502;0.416;0.904;16.мар;0.278;2007
2;Steve Nash;32;PHO;44.0;1013.0;1290;0.785;76;35.3;18.июн;03.май;11.июн;0.8;0.1;0.532;0.455;0.899;12.июн;0.225;2007
3;Kobe Bryant;28;LAL;2.0;521.0;1290;0.404;77;40.8;31.6;05.июл;05.апр;01.апр;0.5;0.463;0.344;0.868;13.0;0.199;2007
4;Tim Duncan;30;SAS;0.0;286.0;1290;0.222;80;34.1;20.0;10.июн;03.апр;0.8;02.апр;0.546;0.111;0.637;13.0;0.23;2007
5;LeBron James;22;CLE;0.0;183.0;1290;0.142;78;40.9;27.мар;06.июл;6.0;01.июн;0.7;0.476;0.319;0.698;13.июл;0.206;2007
6;Tracy McGrady;27;HOU;0.0;110.0;1290;0.085;71;35.8;24.июн;05.мар;06.май;01.мар;0.5;0.431;0.331;0.707;08.июн;0.163;2007
7;Chris Bosh;22;TOR;0.0;43.0;1290;0.033;69;38.5;22.июн;10.июл;02.май;0.6;01.мар;0.496;0.343;0.785;09.июн;0.174;2007
8;Gilbert Arenas;25;WAS;0.0;31.0;1290;0.024;74;39.8;28.апр;04.июн;6.0;01.сен;0.2;0.418;0.351;0.844;10.авг;0.177;2007
9T;Carlos Boozer;25;UTA;0.0;7.0;1290;0.005;74;34.6;20.сен;11.июл;3.0;0.9;0.3;0.561;;0.685;09.сен;0.185;2007
9T;Kevin Garnett;30;MIN;0.0;7.0;1290;0.005;76;39.4;22.апр;12.авг;04.янв;01.фев;01.июл;0.476;0.214;0.835;10.июл;0.171;2007
11;Chauncey Billups;30;DET;0.0;4.0;1290;0.003;70;36.2;17.0;03.апр;07.фев;01.фев;0.2;0.427;0.345;0.883;11.апр;0.216;2007
12T;Shaquille O'Neal;34;MIA;0.0;3.0;1290;0.002;40;28.апр;17.мар;07.апр;2.0;0.2;01.апр;0.591;;0.422;02.авг;0.119;2007
12T;Dwyane Wade;25;MIA;0.0;3.0;1290;0.002;51;37.9;27.апр;04.июл;07.май;02.янв;01.фев;0.491;0.266;0.807;08.авг;0.219;2007
14;Amar'e Stoudemire;24;PHO;0.0;2.0;1290;0.002;82;32.8;20.апр;09.июн;1.0;1.0;01.мар;0.575;0.0;0.781;11.фев;0.201;2007
15T;Carmelo Anthony;22;DEN;0.0;1.0;1290;0.001;65;38.2;28.сен;6.0;03.авг;01.фев;0.4;0.476;0.268;0.808;07.мар;0.14;2007
15T;Baron Davis;27;GSW;0.0;1.0;1290;0.001;63;35.3;20.янв;04.апр;08.янв;02.янв;0.5;0.439;0.304;0.745;06.апр;0.139;2007
15T;Tony Parker;24;SAS;0.0;1.0;1290;0.001;77;32.5;18.июн;03.фев;05.май;01.янв;0.1;0.52;0.395;0.783;09.июн;0.185;2007
1;Kobe Bryant;29;LAL;82.0;1100.0;1260;0.873;82;38.9;28.мар;06.мар;05.апр;01.авг;0.5;0.459;0.361;0.84;13.авг;0.208;2008
2;Chris Paul;22;NOH;28.0;894.0;1260;0.71;80;37.6;21.янв;4.0;11.июн;02.июл;0.1;0.488;0.369;0.851;17.авг;0.284;2008
3;Kevin Garnett;31;BOS;15.0;670.0;1260;0.532;71;32.8;18.авг;09.фев;03.апр;01.апр;01.мар;0.539;0.0;0.801;12.сен;0.265;2008
4;LeBron James;23;CLE;1.0;438.0;1260;0.348;75;40.4;30.0;07.сен;07.фев;01.авг;01.янв;0.484;0.315;0.712;15.фев;0.242;2008
5;Dwight Howard;22;ORL;0.0;60.0;1260;0.048;82;37.7;20.июл;14.фев;01.мар;0.9;02.янв;0.599;0.0;0.59;12.сен;0.2;2008
6;Amar'e Stoudemire;25;PHO;0.0;27.0;1260;0.021;79;33.9;25.фев;09.янв;01.май;0.8;02.янв;0.59;0.161;0.805;14.июн;0.262;2008
7;Tim Duncan;31;SAS;0.0;25.0;1260;0.02;78;34.0;19.мар;11.мар;02.авг;0.7;01.сен;0.497;0.0;0.73;11.янв;0.201;2008
8;Tracy McGrady;28;HOU;0.0;19.0;1260;0.015;66;37.0;21.июн;05.янв;05.сен;1.0;0.5;0.419;0.292;0.684;05.авг;0.115;2008
9;Steve Nash;33;PHO;0.0;18.0;1260;0.014;81;34.3;16.сен;03.май;11.янв;0.7;0.1;0.504;0.47;0.906;10.май;0.181;2008
10;Manu GinГіbili;30;SAS;0.0;9.0;1260;0.007;74;31.янв;19.май;04.авг;04.май;01.май;0.4;0.46;0.401;0.86;11.янв;0.232;2008
11;Dirk Nowitzki;29;DAL;0.0;5.0;1260;0.004;77;36.0;23.июн;08.июн;03.май;0.7;0.9;0.479;0.359;0.879;12.сен;0.223;2008
12;Deron Williams;23;UTA;0.0;4.0;1260;0.003;82;37.3;18.авг;3.0;10.май;01.янв;0.3;0.507;0.395;0.803;11.мар;0.177;2008
13;Carmelo Anthony;23;DEN;0.0;3.0;1260;0.002;77;36.4;25.июл;07.апр;03.апр;01.мар;0.5;0.492;0.354;0.786;08.фев;0.14;2008
14T;Carlos Boozer;26;UTA;0.0;1.0;1260;0.001;81;34.9;21.янв;10.апр;02.сен;01.фев;0.5;0.547;0.0;0.738;10.фев;0.173;2008
14T;Antawn Jamison;31;WAS;0.0;1.0;1260;0.001;79;38.7;21.апр;10.фев;01.май;01.мар;0.4;0.436;0.339;0.76;09.фев;0.144;2008
14T;Paul Pierce;30;BOS;0.0;1.0;1260;0.001;80;35.9;19.июн;05.янв;04.май;01.мар;0.5;0.464;0.392;0.843;12.апр;0.207;2008
14T;Rasheed Wallace;33;DET;0.0;1.0;1260;0.001;77;30.май;12.июл;06.июн;01.авг;01.фев;01.июл;0.432;0.356;0.767;07.июн;0.155;2008
1;LeBron James;24;CLE;109.0;1172.0;1210;0.969;81;37.7;28.апр;07.июн;07.фев;01.июл;01.янв;0.489;0.344;0.78;20.мар;0.318;2009
2;Kobe Bryant;30;LAL;2.0;698.0;1210;0.577;82;36.1;26.авг;05.фев;04.сен;01.май;0.5;0.467;0.351;0.856;12.июл;0.206;2009
3;Dwyane Wade;27;MIA;7.0;680.0;1210;0.562;79;38.6;30.2;5.0;07.май;02.фев;01.мар;0.491;0.317;0.765;14.июл;0.232;2009
4;Dwight Howard;23;ORL;1.0;328.0;1210;0.271;79;35.7;20.июн;13.авг;01.апр;1.0;02.сен;0.572;0.0;0.594;13.авг;0.234;2009
5;Chris Paul;23;NOH;2.0;192.0;1210;0.159;78;38.5;22.авг;05.май;11.0;02.авг;0.1;0.503;0.364;0.868;18.мар;0.292;2009
6;Chauncey Billups;32;TOT;0.0;33.0;1210;0.027;79;35.3;17.июл;3.0;06.апр;01.фев;0.2;0.418;0.408;0.913;10.янв;0.174;2009
7;Paul Pierce;31;BOS;0.0;21.0;1210;0.017;81;37.5;20.май;05.июн;03.июн;1.0;0.3;0.457;0.391;0.83;10.мар;0.164;2009
8;Tony Parker;26;SAS;0.0;9.0;1210;0.007;72;34.1;22.0;03.янв;06.сен;0.9;0.1;0.506;0.292;0.782;08.июн;0.168;2009
9;Brandon Roy;24;POR;0.0;7.0;1210;0.006;78;37.2;22.июн;04.июл;05.янв;01.янв;0.3;0.48;0.377;0.824;13.май;0.223;2009
10;Dirk Nowitzki;30;DAL;0.0;3.0;1210;0.002;81;37.7;25.сен;08.апр;02.апр;0.8;0.8;0.479;0.359;0.89;10.сен;0.171;2009
11;Tim Duncan;32;SAS;0.0;2.0;1210;0.002;75;33.7;19.мар;10.июл;03.май;0.5;01.июл;0.504;0.0;0.692;10.янв;0.191;2009
12;Yao Ming;28;HOU;0.0;1.0;1210;0.001;77;33.6;19.июл;09.сен;01.авг;0.4;01.сен;0.548;1.0;0.866;10.июн;0.196;2009
1;LeBron James;25;CLE;116.0;1205.0;1230;0.98;76;39.0;29.июл;07.мар;08.июн;01.июн;1.0;0.503;0.333;0.767;18.май;0.299;2010
2;Kevin Durant;21;OKC;4.0;609.0;1230;0.495;82;39.5;30.янв;07.июн;02.авг;01.апр;1.0;0.476;0.365;0.9;16.янв;0.238;2010
3;Kobe Bryant;31;LAL;0.0;599.0;1230;0.487;73;38.8;27.0;05.апр;5.0;01.май;0.3;0.456;0.329;0.811;09.апр;0.16;2010
4;Dwight Howard;24;ORL;3.0;478.0;1230;0.389;82;34.7;18.мар;13.фев;01.авг;0.9;02.авг;0.612;0.0;0.592;13.фев;0.223;2010
5;Dwyane Wade;28;MIA;0.0;119.0;1230;0.097;77;36.3;26.июн;04.авг;06.май;01.авг;01.янв;0.476;0.3;0.761;13.0;0.224;2010
6;Carmelo Anthony;25;DEN;0.0;65.0;1230;0.053;69;38.2;28.фев;06.июн;03.фев;01.мар;0.4;0.458;0.316;0.83;07.сен;0.145;2010
7;Dirk Nowitzki;31;DAL;0.0;55.0;1230;0.045;81;37.5;25.0;07.июл;02.июл;0.9;1.0;0.481;0.421;0.915;12.мар;0.194;2010
8;Steve Nash;35;PHO;0.0;49.0;1230;0.04;81;32.8;16.май;03.мар;11.0;0.5;0.1;0.507;0.426;0.938;09.сен;0.178;2010
9;Deron Williams;25;UTA;0.0;7.0;1230;0.006;76;36.9;18.июл;4.0;10.май;01.мар;0.2;0.469;0.371;0.801;10.мар;0.177;2010
10;Amar'e Stoudemire;27;PHO;0.0;5.0;1230;0.004;82;34.6;23.янв;08.сен;1.0;0.6;1.0;0.557;0.167;0.771;10.июл;0.181;2010
11;Manu GinГіbili;32;SAS;0.0;3.0;1230;0.002;75;28.июл;16.май;03.авг;04.сен;01.апр;0.3;0.441;0.377;0.87;09.июл;0.216;2010
12T;Chauncey Billups;33;DEN;0.0;1.0;1230;0.001;73;34.1;19.май;03.янв;05.июн;01.янв;0.1;0.418;0.386;0.91;09.май;0.182;2010
12T;Chris Bosh;25;TOR;0.0;1.0;1230;0.001;70;36.1;24.0;10.авг;02.апр;0.6;1.0;0.518;0.364;0.797;09.июн;0.182;2010
12T;Stephen Jackson;31;TOT;0.0;1.0;1230;0.001;81;38.6;20.июн;5.0;03.июл;01.июн;0.5;0.423;0.328;0.779;5.0;0.077;2010
12T;Joe Johnson;28;ATL;0.0;1.0;1230;0.001;76;38.0;21.мар;04.июн;04.сен;01.янв;0.1;0.458;0.369;0.818;08.апр;0.14;2010
1;Derrick Rose;22;CHI;113.0;1182.0;1210;0.977;81;37.4;25.0;04.янв;07.июл;1.0;0.6;0.445;0.332;0.858;13.янв;0.208;2011
2;Dwight Howard;25;ORL;3.0;643.0;1210;0.531;78;37.6;22.сен;14.янв;01.апр;01.апр;02.апр;0.593;0.0;0.596;14.апр;0.235;2011
3;LeBron James;26;MIA;4.0;522.0;1210;0.431;79;38.8;26.июл;07.май;7.0;01.июн;0.6;0.51;0.33;0.759;15.июн;0.244;2011
4;Kobe Bryant;32;LAL;1.0;428.0;1210;0.354;82;33.9;25.мар;05.янв;04.июл;01.фев;0.1;0.451;0.323;0.828;10.мар;0.178;2011
5;Kevin Durant;22;OKC;0.0;190.0;1210;0.157;78;38.9;27.июл;06.авг;02.июл;01.янв;1.0;0.462;0.35;0.88;12.0;0.189;2011
6;Dirk Nowitzki;32;DAL;0.0;113.0;1210;0.093;73;34.3;23.0;7.0;02.июн;0.5;0.6;0.517;0.393;0.892;11.янв;0.213;2011
7;Dwyane Wade;29;MIA;0.0;24.0;1210;0.02;76;37.1;25.май;06.апр;04.июн;01.май;01.янв;0.5;0.306;0.758;12.авг;0.218;2011
8;Manu GinГіbili;33;SAS;0.0;20.0;1210;0.017;80;30.мар;17.апр;03.июл;04.сен;01.май;0.4;0.433;0.349;0.871;09.сен;0.195;2011
9;Amar'e Stoudemire;28;NYK;0.0;9.0;1210;0.007;78;36.8;25.мар;08.фев;02.июн;0.9;01.сен;0.502;0.435;0.792;8.0;0.134;2011
10T;Blake Griffin;21;LAC;0.0;5.0;1210;0.004;82;38.0;22.май;12.янв;03.авг;0.8;0.5;0.506;0.292;0.642;09.авг;0.152;2011
10T;Rajon Rondo;24;BOS;0.0;5.0;1210;0.004;68;37.2;10.июн;04.апр;11.фев;02.мар;0.2;0.475;0.233;0.568;06.июн;0.126;2011
12;Tony Parker;28;SAS;0.0;3.0;1210;0.002;78;32.4;17.май;03.янв;06.июн;01.фев;0.0;0.519;0.357;0.769;08.фев;0.156;2011
13;Chris Paul;25;NOH;0.0;2.0;1210;0.002;80;36.0;15.сен;04.янв;09.авг;02.апр;0.1;0.463;0.388;0.878;13.сен;0.232;2011
1;LeBron James;27;MIA;85.0;1074.0;1210;0.888;62;37.5;27.янв;07.сен;06.фев;01.сен;0.8;0.531;0.362;0.771;14.май;0.298;2012
2;Kevin Durant;23;OKC;24.0;889.0;1210;0.735;66;38.6;28.0;8.0;03.май;01.мар;01.фев;0.496;0.387;0.86;12.фев;0.23;2012
3;Chris Paul;26;LAC;6.0;385.0;1210;0.318;60;36.4;19.авг;03.июн;09.янв;02.май;0.1;0.478;0.371;0.861;12.июл;0.278;2012
4;Kobe Bryant;33;LAL;2.0;352.0;1210;0.291;58;38.5;27.сен;05.апр;04.июн;01.фев;0.3;0.43;0.303;0.845;06.фев;0.132;2012
5;Tony Parker;29;SAS;4.0;331.0;1210;0.274;60;32.1;18.мар;02.сен;07.июл;1.0;0.1;0.48;0.23;0.799;07.янв;0.177;2012
6;Kevin Love;23;MIN;0.0;58.0;1210;0.048;55;39.0;26.0;13.мар;2.0;0.9;0.5;0.448;0.372;0.824;10.0;0.223;2012
7;Dwight Howard;26;ORL;0.0;13.0;1210;0.011;54;38.3;20.июн;14.май;01.сен;01.май;02.янв;0.573;0.0;0.491;07.июл;0.179;2012
8;Rajon Rondo;25;BOS;0.0;12.0;1210;0.01;53;36.9;11.сен;04.авг;11.июл;01.авг;0.1;0.448;0.238;0.597;04.сен;0.121;2012
9;Steve Nash;37;PHO;0.0;7.0;1210;0.006;62;31.6;12.май;3.0;10.июл;0.6;0.1;0.532;0.39;0.894;05.сен;0.144;2012
10;Dwyane Wade;30;MIA;0.0;6.0;1210;0.005;49;33.2;22.янв;04.авг;04.июн;01.июл;01.мар;0.497;0.268;0.791;07.июл;0.227;2012
11;Derrick Rose;23;CHI;0.0;5.0;1210;0.004;39;35.3;21.авг;03.апр;07.сен;0.9;0.7;0.435;0.312;0.812;6.0;0.211;2012
12T;Dirk Nowitzki;33;DAL;0.0;4.0;1210;0.003;62;33.5;21.июн;06.июл;02.фев;0.7;0.5;0.457;0.368;0.896;07.июн;0.175;2012
12T;Russell Westbrook;23;OKC;0.0;4.0;1210;0.003;66;35.3;23.июн;04.июн;05.май;01.июл;0.3;0.457;0.316;0.823;07.сен;0.163;2012
14;Tim Duncan;35;SAS;0.0;3.0;1210;0.002;58;28.фев;15.апр;9.0;02.мар;0.7;01.май;0.492;0.0;0.695;05.сен;0.174;2012
15;Joe Johnson;30;ATL;0.0;1.0;1210;0.001;60;35.5;18.авг;03.июл;03.сен;0.8;0.2;0.454;0.388;0.849;06.апр;0.145;2012
1;LeBron James;28;MIA;120.0;1207.0;1210;0.998;76;37.9;26.авг;8.0;07.мар;01.июл;0.9;0.565;0.406;0.753;19.мар;0.322;2013
2;Kevin Durant;24;OKC;0.0;765.0;1210;0.632;81;38.5;28.янв;07.сен;04.июн;01.апр;01.мар;0.51;0.416;0.905;18.сен;0.291;2013
3;Carmelo Anthony;28;NYK;1.0;475.0;1210;0.393;67;37.0;28.июл;06.сен;02.июн;0.8;0.5;0.449;0.379;0.83;09.май;0.184;2013
4;Chris Paul;27;LAC;0.0;289.0;1210;0.239;70;33.4;16.сен;03.июл;09.июл;02.апр;0.1;0.481;0.328;0.885;13.сен;0.287;2013
5;Kobe Bryant;34;LAL;0.0;184.0;1210;0.152;78;38.6;27.мар;05.июн;6.0;01.апр;0.3;0.463;0.324;0.839;10.сен;0.174;2013
6;Tony Parker;30;SAS;0.0;86.0;1210;0.071;66;32.9;20.мар;3.0;07.июн;0.8;0.1;0.522;0.353;0.845;09.мар;0.206;2013
7;Tim Duncan;36;SAS;0.0;65.0;1210;0.054;69;30.янв;17.авг;09.сен;02.июл;0.7;02.июл;0.502;0.286;0.817;08.мар;0.191;2013
8;James Harden;23;HOU;0.0;33.0;1210;0.027;78;38.3;25.сен;04.сен;05.авг;01.авг;0.5;0.438;0.368;0.851;12.авг;0.206;2013
9;Russell Westbrook;24;OKC;0.0;9.0;1210;0.007;82;34.9;23.фев;05.фев;07.апр;01.авг;0.3;0.438;0.323;0.8;11.июн;0.195;2013
10;Dwyane Wade;31;MIA;0.0;5.0;1210;0.004;69;34.7;21.фев;5.0;05.янв;01.сен;0.8;0.521;0.258;0.725;09.июн;0.192;2013
11;Stephen Curry;24;GSW;0.0;3.0;1210;0.002;78;38.2;22.сен;4.0;06.сен;01.июн;0.2;0.451;0.453;0.9;11.фев;0.18;2013
12T;Kevin Garnett;36;BOS;0.0;1.0;1210;0.001;68;29.июл;14.авг;07.авг;02.мар;01.янв;0.9;0.496;0.125;0.786;05.июн;0.133;2013
12T;Marc Gasol;28;MEM;0.0;1.0;1210;0.001;80;35.0;14.янв;07.авг;4.0;1.0;01.июл;0.494;0.071;0.848;11.май;0.197;2013
12T;Ty Lawson;25;DEN;0.0;1.0;1210;0.001;73;34.4;16.июл;02.июл;06.сен;01.май;0.1;0.461;0.366;0.756;07.апр;0.141;2013
12T;David Lee;29;GSW;0.0;1.0;1210;0.001;79;36.8;18.май;11.фев;03.май;0.8;0.3;0.519;0.0;0.797;09.янв;0.15;2013
12T;Joakim Noah;27;CHI;0.0;1.0;1210;0.001;66;36.8;11.сен;11.янв;4.0;01.фев;02.янв;0.481;0.0;0.751;07.мар;0.145;2013
1;Kevin Durant;25;OKC;119.0;1232.0;1250;0.986;81;38.5;32.0;07.апр;05.май;01.мар;0.7;0.503;0.391;0.873;19.фев;0.295;2014
2;LeBron James;29;MIA;6.0;891.0;1250;0.713;77;37.7;27.янв;06.сен;06.мар;01.июн;0.3;0.567;0.379;0.75;15.сен;0.264;2014
3;Blake Griffin;24;LAC;0.0;434.0;1250;0.347;80;35.8;24.янв;09.май;03.сен;01.фев;0.6;0.528;0.273;0.715;12.фев;0.205;2014
4;Joakim Noah;28;CHI;0.0;322.0;1250;0.258;80;35.3;12.июн;11.мар;05.апр;01.фев;01.май;0.475;0.0;0.737;11.фев;0.19;2014
5;James Harden;24;HOU;0.0;85.0;1250;0.068;73;38.0;25.апр;04.июл;06.янв;01.июн;0.4;0.456;0.366;0.866;12.авг;0.221;2014
6;Stephen Curry;25;GSW;0.0;66.0;1250;0.053;78;36.5;24.0;04.мар;08.май;01.июн;0.2;0.471;0.424;0.885;13.апр;0.225;2014
7;Chris Paul;28;LAC;0.0;45.0;1250;0.036;62;35.0;19.янв;04.мар;10.июл;02.май;0.1;0.467;0.368;0.855;12.фев;0.27;2014
8;Al Jefferson;29;CHA;0.0;34.0;1250;0.027;73;35.0;21.авг;10.авг;02.янв;0.9;01.янв;0.509;0.2;0.69;07.авг;0.146;2014
9;Paul George;23;IND;0.0;33.0;1250;0.026;80;36.2;21.июл;06.авг;03.май;01.сен;0.3;0.424;0.364;0.864;10.авг;0.178;2014
10;LaMarcus Aldridge;28;POR;0.0;26.0;1250;0.021;69;36.2;23.фев;11.янв;02.июн;0.9;1.0;0.458;0.2;0.822;07.май;0.144;2014
11;Kevin Love;25;MIN;0.0;25.0;1250;0.02;77;36.3;26.янв;12.май;04.апр;0.8;0.5;0.457;0.376;0.821;14.мар;0.245;2014
12T;Tim Duncan;37;SAS;0.0;21.0;1250;0.017;74;29.2;15.янв;09.июл;3.0;0.6;01.сен;0.49;0.0;0.731;07.апр;0.164;2014
12T;Tony Parker;31;SAS;0.0;21.0;1250;0.017;68;29.апр;16.июл;02.мар;05.июл;0.5;0.1;0.499;0.373;0.811;05.сен;0.141;2014
14;Dirk Nowitzki;35;DAL;0.0;7.0;1250;0.006;80;32.9;21.июл;06.фев;02.июл;0.9;0.6;0.497;0.398;0.899;10.сен;0.199;2014
15;Carmelo Anthony;29;NYK;0.0;4.0;1250;0.003;77;38.7;27.апр;08.янв;03.янв;01.фев;0.7;0.452;0.402;0.848;10.июл;0.172;2014
16;Goran DragiД‡;27;PHO;0.0;3.0;1250;0.002;76;35.1;20.мар;03.фев;05.сен;01.апр;0.3;0.505;0.408;0.76;10.мар;0.186;2014
17;Mike Conley;26;MEM;0.0;1.0;1250;0.001;73;33.5;17.фев;02.сен;6.0;01.май;0.2;0.45;0.361;0.815;08.фев;0.161;2014
1;Stephen Curry;26;GSW;100.0;1198.0;1300;0.922;80;32.7;23.авг;04.мар;07.июл;2.0;0.2;0.487;0.443;0.914;15.июл;0.288;2015
2;James Harden;25;HOU;25.0;936.0;1300;0.72;81;36.8;27.апр;05.июл;7.0;01.сен;0.7;0.44;0.375;0.868;16.апр;0.265;2015
3;LeBron James;30;CLE;5.0;552.0;1300;0.425;69;36.1;25.мар;6.0;07.апр;01.июн;0.7;0.488;0.354;0.71;10.апр;0.199;2015
4;Russell Westbrook;26;OKC;0.0;352.0;1300;0.271;67;34.4;28.янв;07.мар;08.июн;02.янв;0.2;0.426;0.299;0.835;10.июн;0.222;2015
5;Anthony Davis;21;NOP;0.0;203.0;1300;0.156;68;36.1;24.апр;10.фев;02.фев;01.май;02.сен;0.535;0.083;0.805;14.0;0.274;2015
6;Chris Paul;29;LAC;0.0;124.0;1300;0.095;82;34.8;19.янв;04.июн;10.фев;01.сен;0.2;0.485;0.398;0.9;16.янв;0.27;2015
7;LaMarcus Aldridge;29;POR;0.0;6.0;1300;0.005;71;35.4;23.апр;10.фев;01.июл;0.7;1.0;0.466;0.352;0.845;08.июн;0.165;2015
8T;Marc Gasol;30;MEM;0.0;3.0;1300;0.002;81;33.2;17.апр;07.авг;03.авг;0.9;01.июн;0.494;0.176;0.795;10.фев;0.182;2015
8T;Blake Griffin;25;LAC;0.0;3.0;1300;0.002;67;35.2;21.сен;07.июн;05.мар;0.9;0.5;0.502;0.4;0.728;9.0;0.183;2015
10T;Tim Duncan;38;SAS;0.0;1.0;1300;0.001;77;28.сен;13.сен;09.янв;3.0;0.8;2.0;0.512;0.286;0.74;09.июн;0.207;2015
10T;Kawhi Leonard;23;SAS;0.0;1.0;1300;0.001;64;31.авг;16.май;07.фев;02.май;02.мар;0.8;0.479;0.349;0.802;08.июн;0.204;2015
10T;Klay Thompson;24;GSW;0.0;1.0;1300;0.001;77;31.9;21.июл;03.фев;02.сен;01.янв;0.8;0.463;0.439;0.879;08.авг;0.172;2015
1;Stephen Curry;27;GSW;131.0;1310.0;1310;1.0;79;34.2;30.янв;05.апр;06.июл;02.янв;0.2;0.504;0.454;0.908;17.сен;0.318;2016
2;Kawhi Leonard;24;SAS;0.0;634.0;1310;0.484;72;33.1;21.фев;06.авг;02.июн;01.авг;1.0;0.506;0.443;0.874;13.июл;0.277;2016
3;LeBron James;31;CLE;0.0;631.0;1310;0.482;76;35.6;25.мар;07.апр;06.авг;01.апр;0.6;0.52;0.309;0.731;13.июн;0.242;2016
4;Russell Westbrook;27;OKC;0.0;486.0;1310;0.371;80;34.4;23.май;07.авг;10.апр;2.0;0.3;0.454;0.296;0.812;14.0;0.245;2016
5;Kevin Durant;27;OKC;0.0;147.0;1310;0.112;72;35.8;28.фев;08.фев;5.0;1.0;01.фев;0.505;0.387;0.898;14.май;0.27;2016
6;Chris Paul;30;LAC;0.0;107.0;1310;0.082;74;32.7;19.май;04.фев;10.0;02.янв;0.2;0.462;0.371;0.896;12.июл;0.253;2016
7;Draymond Green;25;GSW;0.0;50.0;1310;0.038;81;34.7;14.0;09.май;07.апр;01.май;01.апр;0.49;0.388;0.696;11.янв;0.19;2016
8;Damian Lillard;25;POR;0.0;26.0;1310;0.02;75;35.7;25.янв;4.0;06.авг;0.9;0.4;0.419;0.375;0.892;09.фев;0.165;2016
9;James Harden;26;HOU;0.0;9.0;1310;0.007;82;38.1;29.0;06.янв;07.май;01.июл;0.6;0.439;0.359;0.86;13.мар;0.204;2016
10;Kyle Lowry;29;TOR;0.0;6.0;1310;0.005;77;37.0;21.фев;04.июл;06.апр;02.янв;0.4;0.427;0.388;0.811;11.июн;0.196;2016
1;Russell Westbrook;28;OKC;69.0;888.0;1010;0.879;81;34.6;31.6;10.июл;10.апр;01.июн;0.4;0.425;0.343;0.845;13.янв;0.224;2017
2;James Harden;27;HOU;22.0;753.0;1010;0.746;81;36.4;29.янв;08.янв;11.фев;01.май;0.5;0.44;0.347;0.847;15.0;0.245;2017
3;Kawhi Leonard;25;SAS;9.0;500.0;1010;0.495;74;33.4;25.май;05.авг;03.май;01.авг;0.7;0.485;0.38;0.88;13.июн;0.264;2017
4;LeBron James;32;CLE;1.0;333.0;1010;0.33;74;37.8;26.апр;08.июн;08.июл;01.фев;0.6;0.548;0.363;0.674;12.сен;0.221;2017
5;Isaiah Thomas;27;BOS;0.0;81.0;1010;0.08;76;33.8;28.сен;02.июл;05.сен;0.9;0.2;0.463;0.379;0.909;12.май;0.234;2017
6;Stephen Curry;28;GSW;0.0;52.0;1010;0.051;79;33.4;25.мар;04.май;06.июн;01.авг;0.2;0.468;0.411;0.898;12.июн;0.229;2017
7T;Giannis Antetokounmpo;22;MIL;0.0;7.0;1010;0.007;80;35.6;22.сен;08.авг;05.апр;01.июн;01.сен;0.521;0.272;0.77;12.апр;0.21;2017
7T;John Wall;26;WAS;0.0;7.0;1010;0.007;78;36.4;23.янв;04.фев;10.июл;2.0;0.6;0.451;0.327;0.801;08.авг;0.149;2017
9T;Anthony Davis;23;NOP;0.0;2.0;1010;0.002;75;36.1;28.0;11.авг;02.янв;01.мар;02.фев;0.505;0.299;0.802;11.0;0.195;2017
9T;Kevin Durant;28;GSW;0.0;2.0;1010;0.002;62;33.4;25.янв;08.мар;04.авг;01.янв;01.июн;0.537;0.375;0.875;12.0;0.278;2017
11;DeMar DeRozan;27;TOR;0.0;1.0;1010;0.001;74;35.4;27.мар;05.фев;03.сен;01.янв;0.2;0.467;0.266;0.842;9.0;0.166;2017
1;James Harden;28;HOU;86.0;965.0;1010;0.955;72;35.4;30.апр;05.апр;08.авг;01.авг;0.7;0.449;0.367;0.858;15.апр;0.289;2018
2;LeBron James;33;CLE;15.0;738.0;1010;0.731;82;36.9;27.май;08.июн;09.янв;01.апр;0.9;0.542;0.367;0.731;14.0;0.221;2018
3;Anthony Davis;24;NOP;0.0;445.0;1010;0.441;75;36.4;28.янв;11.янв;02.мар;01.май;02.июн;0.534;0.34;0.828;13.июл;0.241;2018
4;Damian Lillard;27;POR;0.0;207.0;1010;0.205;73;36.6;26.сен;04.май;06.июн;01.янв;0.4;0.439;0.361;0.916;12.июн;0.227;2018
5;Russell Westbrook;29;OKC;0.0;76.0;1010;0.075;80;36.4;25.апр;10.янв;10.мар;01.авг;0.3;0.449;0.298;0.737;10.янв;0.166;2018
6;Giannis Antetokounmpo;23;MIL;0.0;75.0;1010;0.074;75;36.7;26.сен;10.0;04.авг;01.май;01.апр;0.529;0.307;0.76;11.сен;0.207;2018
7;Kevin Durant;29;GSW;0.0;66.0;1010;0.065;68;34.2;26.апр;06.авг;05.апр;0.7;01.авг;0.516;0.419;0.889;10.апр;0.215;2018
8;DeMar DeRozan;28;TOR;0.0;32.0;1010;0.032;80;33.9;23.0;03.сен;05.фев;01.янв;0.3;0.456;0.31;0.825;09.июн;0.17;2018
9;LaMarcus Aldridge;32;SAS;0.0;6.0;1010;0.006;75;33.5;23.янв;08.май;2.0;0.6;01.фев;0.51;0.293;0.837;10.сен;0.209;2018
10T;Jimmy Butler;28;MIN;0.0;5.0;1010;0.005;59;36.7;22.фев;05.мар;04.сен;2.0;0.4;0.474;0.35;0.854;08.сен;0.198;2018
10T;Stephen Curry;29;GSW;0.0;5.0;1010;0.005;51;32.0;26.апр;05.янв;06.янв;01.июн;0.2;0.495;0.423;0.921;09.янв;0.267;2018
12;Joel Embiid;23;PHI;0.0;4.0;1010;0.004;63;30.мар;22.сен;11.0;03.фев;0.6;01.авг;0.483;0.308;0.769;06.фев;0.155;2018
13;Victor Oladipo;25;IND;0.0;2.0;1010;0.002;75;34.0;23.янв;05.фев;04.мар;02.апр;0.8;0.477;0.371;0.799;08.фев;0.155;2018
1;Giannis Antetokounmpo;24;MIL;78.0;941.0;1010;0.932;72;32.8;27.июл;12.май;05.сен;01.мар;01.май;0.578;0.256;0.729;14.апр;0.292;2019
2;James Harden;29;HOU;23.0;776.0;1010;0.768;78;36.8;36.1;06.июн;07.май;2.0;0.7;0.442;0.368;0.879;15.фев;0.254;2019
3;Paul George;28;OKC;0.0;356.0;1010;0.352;77;36.9;28.0;08.фев;04.янв;02.фев;0.4;0.438;0.386;0.839;11.сен;0.201;2019
4;Nikola JokiД‡;23;DEN;0.0;212.0;1010;0.21;80;31.мар;20.янв;10.авг;07.мар;01.апр;0.7;0.511;0.307;0.821;11.авг;0.226;2019
5;Stephen Curry;30;GSW;0.0;175.0;1010;0.173;69;33.8;27.мар;05.мар;05.фев;01.мар;0.4;0.472;0.437;0.916;09.июл;0.199;2019
6;Damian Lillard;28;POR;0.0;69.0;1010;0.068;80;35.5;25.авг;04.июн;06.сен;01.янв;0.4;0.444;0.369;0.912;12.янв;0.205;2019
7;Joel Embiid;24;PHI;0.0;49.0;1010;0.049;64;33.7;27.май;13.июн;03.июл;0.7;01.сен;0.484;0.3;0.804;08.июл;0.194;2019
8;Kevin Durant;30;GSW;0.0;25.0;1010;0.025;78;34.6;26.0;06.апр;05.сен;0.7;01.янв;0.521;0.353;0.885;11.май;0.204;2019
9;Kawhi Leonard;27;TOR;0.0;13.0;1010;0.013;60;34.0;26.июн;07.мар;03.мар;01.авг;0.4;0.496;0.371;0.854;09.май;0.224;2019
10;Russell Westbrook;30;OKC;0.0;8.0;1010;0.008;73;36.0;22.сен;11.янв;10.июл;01.сен;0.5;0.428;0.29;0.656;06.авг;0.124;2019
11T;Rudy Gobert;26;UTA;0.0;1.0;1010;0.001;81;31.авг;15.сен;12.сен;2.0;0.8;02.мар;0.669;;0.636;14.апр;0.268;2019
11T;LeBron James;34;LAL;0.0;1.0;1010;0.001;55;35.2;27.апр;08.май;08.мар;01.мар;0.6;0.51;0.339;0.665;07.фев;0.179;2019
1;Giannis Antetokounmpo;25;MIL;85.0;962.0;1010;0.952;63;30.апр;29.май;13.июн;05.июн;1.0;1.0;0.553;0.304;0.633;11.янв;0.279;2020
2;LeBron James;35;LAL;16.0;753.0;1010;0.746;67;34.6;25.мар;07.авг;10.фев;01.фев;0.5;0.493;0.348;0.693;09.авг;0.204;2020
3;James Harden;30;HOU;0.0;367.0;1010;0.363;68;36.5;34.3;06.июн;07.май;01.авг;0.9;0.444;0.355;0.865;13.янв;0.254;2020
4;Luka DonДЌiД‡;20;DAL;0.0;200.0;1010;0.198;61;33.6;28.авг;09.апр;08.авг;1.0;0.2;0.463;0.316;0.758;08.авг;0.207;2020
5;Kawhi Leonard;28;LAC;0.0;168.0;1010;0.166;57;32.4;27.янв;07.янв;04.сен;01.авг;0.6;0.47;0.378;0.886;08.июл;0.226;2020
6;Anthony Davis;26;LAL;0.0;82.0;1010;0.081;62;34.4;26.янв;09.мар;03.фев;01.май;02.мар;0.503;0.33;0.846;11.янв;0.25;2020
7;Chris Paul;34;OKC;0.0;26.0;1010;0.026;70;31.май;17.июн;5.0;06.июл;01.июн;0.2;0.489;0.365;0.907;08.сен;0.193;2020
8;Damian Lillard;29;POR;0.0;23.0;1010;0.023;66;37.5;30.0;04.мар;8.0;01.янв;0.3;0.463;0.401;0.888;11.июн;0.225;2020
9;Nikola JokiД‡;24;DEN;0.0;18.0;1010;0.018;73;32.0;19.сен;09.июл;7.0;01.фев;0.6;0.528;0.314;0.817;09.авг;0.202;2020
10;Pascal Siakam;25;TOR;0.0;17.0;1010;0.017;60;35.2;22.сен;07.мар;03.май;1.0;0.9;0.453;0.359;0.792;05.апр;0.123;2020
11;Jimmy Butler;30;MIA;0.0;9.0;1010;0.009;58;33.8;19.сен;06.июл;6.0;01.авг;0.6;0.455;0.244;0.834;9.0;0.221;2020
12;Jayson Tatum;21;BOS;0.0;1.0;1010;0.001;66;34.3;23.апр;7.0;3.0;01.апр;0.9;0.45;0.403;0.812;06.сен;0.146;2020
1;Nikola JokiД‡;25;DEN;91.0;971.0;1010;0.961;72;34.6;26.апр;10.авг;08.мар;01.мар;0.7;0.566;0.388;0.868;15.июн;0.301;2021
2;Joel Embiid;26;PHI;1.0;586.0;1010;0.58;51;31.янв;28.май;10.июн;02.авг;1.0;01.апр;0.513;0.377;0.859;08.авг;0.266;2021
3;Stephen Curry;32;GSW;5.0;453.0;1010;0.449;63;34.2;32.0;05.май;05.авг;01.фев;0.1;0.482;0.421;0.916;9.0;0.201;2021
4;Giannis Antetokounmpo;26;MIL;1.0;348.0;1010;0.345;61;33.0;28.янв;11.0;05.сен;01.фев;01.фев;0.569;0.303;0.685;10.фев;0.244;2021
5;Chris Paul;35;PHO;2.0;139.0;1010;0.138;70;31.4;16.апр;04.май;08.сен;01.апр;0.3;0.499;0.395;0.934;09.фев;0.201;2021
6;Luka DonДЌiД‡;21;DAL;0.0;42.0;1010;0.042;66;34.3;27.июл;8.0;08.июн;1.0;0.5;0.479;0.35;0.73;07.июл;0.163;2021
7;Damian Lillard;30;POR;0.0;38.0;1010;0.038;67;35.8;28.авг;04.фев;07.май;0.9;0.3;0.451;0.391;0.928;10.апр;0.209;2021
8;Julius Randle;26;NYK;0.0;20.0;1010;0.02;71;37.6;24.янв;10.фев;6.0;0.9;0.3;0.456;0.411;0.811;07.авг;0.14;2021
9;Derrick Rose;32;TOT;1.0;10.0;1010;0.01;50;25.июн;14.июл;02.июн;04.фев;1.0;0.4;0.47;0.388;0.866;03.янв;0.118;2021
10;Rudy Gobert;28;UTA;0.0;8.0;1010;0.008;71;30.авг;14.мар;13.май;01.мар;0.6;02.июл;0.675;0.0;0.623;11.мар;0.248;2021
11;Russell Westbrook;32;WAS;0.0;5.0;1010;0.005;65;36.4;22.фев;11.май;11.июл;01.апр;0.4;0.439;0.315;0.656;03.июл;0.075;2021
12;Ben Simmons;24;PHI;0.0;3.0;1010;0.003;58;32.4;14.мар;07.фев;06.сен;01.июн;0.6;0.557;0.3;0.613;6.0;0.153;2021
13T;James Harden;31;TOT;0.0;1.0;1010;0.001;44;36.6;24.июн;07.сен;10.авг;01.фев;0.8;0.466;0.362;0.861;7.0;0.208;2021
13T;LeBron James;36;LAL;0.0;1.0;1010;0.001;45;33.4;25.0;07.июл;07.авг;01.янв;0.6;0.513;0.365;0.698;05.июн;0.179;2021
13T;Kawhi Leonard;29;LAC;0.0;1.0;1010;0.001;52;34.1;24.авг;06.май;05.фев;01.июн;0.4;0.512;0.398;0.885;08.авг;0.238;2021
